session,stim1,stim2,stim3,stim4,stim5,stim6,act2,act3,act4,act5,act6
1,images/Variation03_20110128/bmw325_rx+04.008_ry+38.396_rz+02.260_tx-00.061_ty-00.468_s+01.080_e0d8adc3d6c520088fa43ea894b5ca0defb6a2e0_256x256.png,images/gray_background.png,images/Variation03_20110128/breed_pug_rx-31.978_ry+68.592_rz-07.490_tx-00.285_ty-00.587_s+00.862_44aa99c90dee62e39bb0431267eb2233d820f0ee_256x256.png,images/Variation06_20110131/face0002_rx+02.591_ry+73.339_rz-80.886_tx-00.189_ty-00.533_s+00.783_190208a5e412ecc504519fa4c9fd51a8ae7f962e_256x256.png,images/gray_background.png,images/Variation03_20110128/Pear_obj_rx-121.072_ry-03.174_rz+25.267_tx+00.107_ty+00.191_s+00.738_38fa65cd1517837d009bd05ab68983c33b4a002a_256x256.png,b,b,x,b,none
1,images/Variation03_20110128/_001_rx-37.951_ry+04.510_rz-18.378_tx+00.229_ty-00.175_s+00.884_7601f7e89ce32d86c1aa648ed8f5f55c28b1b461_256x256.png,images/gray_background.png,images/Variation06_20110131/Strawberry_obj_rx-166.944_ry+61.032_rz-68.525_tx-00.322_ty+00.296_s+00.902_5a24ca5942441b146513aea2b95191dc11bc49b4_256x256.png,images/gray_background.png,images/Variation06_20110131/walnut_obj_rx-111.241_ry+59.110_rz-35.777_tx+00.251_ty-00.830_s+00.985_9ce9ffa3b4e08ee91c5b5488dd80a62973e7e280_256x256.png,images/Variation03_20110128/CGTG_L_rx-42.947_ry-29.200_rz-19.857_tx+00.078_ty+00.336_s+01.306_65f9db9506401153ee8b7185f53783779fea6418_256x256.png,b,b,b,none,none
1,images/Variation03_20110128/DTUG_L_rx+34.458_ry+25.948_rz-31.908_tx-00.111_ty+00.576_s+01.417_ab71b535b89f1aaa1784edbe7d85b1070e9c8c36_256x256.png,images/gray_background.png,images/Variation06_20110131/sopwith_rx-23.292_ry+03.321_rz+67.379_tx+00.154_ty+01.196_s+02.063_a5e9876e0d248e89c8047853938f1c6ecdc29ad8_256x256.png,images/gray_background.png,images/Variation06_20110131/face0002_rx+12.571_ry-35.765_rz+35.434_tx-00.095_ty+00.647_s+01.214_03cc073048086031bfaf7eea4231d0f3f30fd66f_256x256.png,images/Variation00_20110203/ELEPHANT_M_rx+00.000_ry+00.000_rz+00.000_tx+00.000_ty+00.000_s+00.800_07e3b36fb57f251b3e70f1d8774dc65842f4ec40_256x256.png,b,b,b,x,none
1,images/Variation03_20110128/_05_future_rx+00.774_ry+105.309_rz+93.527_tx+00.087_ty-00.433_s+01.474_4ebb334e84124c0ed685511e06fdfaf1aa8b55ef_256x256.png,images/Variation03_20110128/motoryacht_rx+04.339_ry+124.186_rz-25.180_tx-00.110_ty+00.597_s+01.039_333ffaa8f1ed166ae3423fec9eae3d1a3a1af56f_256x256.png,images/gray_background.png,images/Variation06_20110131/Pear_obj_rx-113.375_ry+63.919_rz-55.097_tx-00.208_ty+01.039_s+00.626_5eb65d3b8412c31539ddae070b67f18fd539f2b2_256x256.png,images/gray_background.png,images/Variation06_20110131/_011_rx+75.872_ry+64.248_rz-59.740_tx+00.369_ty-00.433_s+00.802_08063d12255795f6c3c274d9be9c6292529484c8_256x256.png,b,b,none,b,none
1,images/Variation03_20110128/breed_pug_rx+00.017_ry+97.865_rz-03.211_tx+00.067_ty+00.423_s+00.863_4049c12d01ae947fbcaa2762ca88acef0a3c681c_256x256.png,images/Variation06_20110131/Strawberry_obj_rx-54.592_ry+71.299_rz-51.826_tx-00.583_ty-00.359_s+00.875_c00896abe056c1b1549540002668f753ef4f7add_256x256.png,images/gray_background.png,images/Variation03_20110128/_05_future_rx-05.238_ry+99.551_rz+79.441_tx+00.240_ty-00.551_s+01.464_954e2dd1e73ac01adea6066ef515bd46e84a7064_256x256.png,images/gray_background.png,images/Variation03_20110128/Strawberry_obj_rx-49.982_ry-41.415_rz+13.797_tx+00.016_ty+00.313_s+00.785_8b5e89d58ac1ecca6422e6c0875f6d054a951028_256x256.png,b,b,none,b,x
1,images/Variation06_20110131/junkers88_rx-55.278_ry+50.360_rz-43.762_tx+00.164_ty-00.972_s+02.028_bddcab5746f12e580376b7c1ad52b3d4d02bed4c_256x256.png,images/gray_background.png,images/gray_background.png,images/Variation03_20110128/_19_flyingBoat_rx-18.727_ry+110.143_rz+46.134_tx+00.282_ty+00.392_s+01.633_654e61bf5a38dc54cd45666d124e7ef947436f3a_256x256.png,images/Variation03_20110128/_37_rx-14.619_ry-31.792_rz+01.166_tx-00.187_ty-00.258_s+00.830_1912cd078f1b723b3a34d9d35b7ff1ddeda1d0a4_256x256.png,images/Variation00_20110203/_19_flyingBoat_rx+00.000_ry+90.000_rz+90.000_tx+00.000_ty+00.000_s+01.300_0ff090f9be19a6fd1aaaabd649bf11391c4b8d7e_256x256.png,b,b,b,none,x
1,images/Variation06_20110131/Apple_Fruit_obj_rx-171.653_ry-37.707_rz-56.454_tx-00.592_ty+00.474_s+01.116_d2da939f9947d258be5d0aa877fef9ea2e31cc5e_256x256.png,images/Variation03_20110128/_011_rx-11.440_ry-43.708_rz-23.023_tx+00.031_ty+00.136_s+00.796_5add875a8f9d93fe4088773ab9d1d2056c0f167c_256x256.png,images/gray_background.png,images/Variation03_20110128/Peach_obj_rx-79.064_ry-41.962_rz+41.752_tx+00.129_ty+00.081_s+00.603_87a2183a6e6ed010b5ef122928f6cb70af933a64_256x256.png,images/gray_background.png,images/Variation03_20110128/blCow_rx-22.389_ry+02.512_rz-14.822_tx+00.073_ty-00.210_s+00.866_7dca3825303934d93414b42f013c6312e9cee477_256x256.png,b,b,none,b,none
1,images/Variation03_20110128/rdbarren_rx+10.989_ry-40.275_rz+19.679_tx+00.094_ty-00.376_s+01.273_c3b58200001926336739cebf2e48d652860c1198_256x256.png,images/Variation06_20110131/CGTG_L_rx+73.751_ry+54.844_rz+63.264_tx-00.425_ty-00.170_s+00.869_1827371389795949398e266c2ddac7a670852760_256x256.png,images/gray_background.png,images/Variation06_20110131/f16_rx+57.372_ry+04.418_rz+12.906_tx+00.224_ty-00.607_s+01.242_e3ba7c7c4d79965067671bdba3d4945e791bc961_256x256.png,images/gray_background.png,images/Variation03_20110128/alfa155_rx-21.786_ry+44.104_rz-31.979_tx+00.029_ty+00.136_s+01.202_21ef61f3404deb40719dd6ef1dbc10bfbc79c504_256x256.png,b,b,none,b,none
1,images/Variation06_20110131/_031_rx+42.312_ry-09.691_rz+12.131_tx+00.422_ty+01.034_s+00.657_76500afa627165a856198bacaa673ef403cfa614_256x256.png,images/gray_background.png,images/Variation03_20110128/face0001_rx+37.748_ry-15.791_rz-11.922_tx+00.101_ty+00.509_s+00.625_ce2b9f6434377ab3a986c8ee3ffe5ca32d12a312_256x256.png,images/gray_background.png,images/Variation03_20110128/_37_rx-43.910_ry-23.724_rz+02.355_tx-00.080_ty-00.073_s+00.856_7a273f4ae59f421e5c07f5a7275fb21ca33fc7c9_256x256.png,images/Variation03_20110128/face0001_rx+28.945_ry-20.457_rz+35.399_tx-00.071_ty+00.029_s+00.898_438266e639df789cf91aa65e3d6668896d75caf7_256x256.png,b,b,b,none,x
1,images/Variation03_20110128/_014_rx+44.862_ry-11.783_rz+08.534_tx-00.122_ty-00.074_s+00.906_ddc82cd6b7752b5b4ef901ae89db0f442220fc79_256x256.png,images/Variation03_20110128/rdbarren_rx-40.558_ry+32.760_rz-28.836_tx-00.170_ty+00.073_s+01.670_3deac1130a159a93c8cb304e089fee12e673ce1b_256x256.png,images/Variation00_20110203/LIONESS_rx+00.000_ry+00.000_rz+00.000_tx+00.000_ty+00.000_s+00.800_2704edbd6e5eb04b3a99f2a7eb00c9472ebb1e7d_256x256.png,images/gray_background.png,images/gray_background.png,images/Variation06_20110131/rdbarren_rx-67.954_ry+42.772_rz-37.096_tx-00.133_ty+00.749_s+01.512_86ce40d6d3395c814cbd3787bf5ecf5e8f64c886_256x256.png,b,x,b,b,x
1,images/Variation06_20110131/_031_rx-07.784_ry+63.597_rz+09.211_tx-00.194_ty-00.887_s+00.498_4b6875d91025b6c4c6b542b1c71b77561c94e1df_256x256.png,images/gray_background.png,images/Variation03_20110128/GORILLA_rx+09.516_ry+32.512_rz-02.949_tx-00.185_ty+00.348_s+00.749_1c62ad5fdfe17bffc8b424c5dc71605c1e38adc5_256x256.png,images/gray_background.png,images/Variation06_20110131/face0005_rx+60.962_ry+55.628_rz+02.562_tx+00.495_ty+00.986_s+00.958_5703f546824f99a67d0dc252eb2b72d7858918c9_256x256.png,images/Variation03_20110128/GORILLA_rx+09.769_ry+31.985_rz+24.934_tx+00.090_ty+00.280_s+00.625_15b2f9913e5f373cf90c62f0093ee03db300a696_256x256.png,b,b,b,none,x
1,images/Variation03_20110128/_19_flyingBoat_rx-02.830_ry+91.273_rz+76.564_tx-00.019_ty+00.246_s+01.033_823cfa01b8b724894d1509d7f28e3959c7226fec_256x256.png,images/gray_background.png,images/gray_background.png,images/Variation06_20110131/face0002_rx+40.122_ry+21.649_rz+83.347_tx+00.418_ty-01.196_s+00.561_e5c222f736149605318c8cad208de9fef7b0f473_256x256.png,images/Variation00_20110203/face0003_rx+00.000_ry+00.000_rz+00.000_tx+00.000_ty+00.000_s+00.800_1157ab24dde11461ab6cfce0b6adaa722e5e340a_256x256.png,images/Variation03_20110128/LIONESS_rx-13.388_ry-40.817_rz+20.349_tx-00.244_ty-00.357_s+00.863_94f6baf6e952fca9524e6a7211011e30308e3eba_256x256.png,b,b,b,x,none
1,images/Variation00_20110203/Beetle_rx+00.000_ry+00.000_rz+00.000_tx+00.000_ty+00.000_s+01.000_0a94e5e3111d74320cd08361e2c9d8c87aaac12f_256x256.png,images/gray_background.png,images/Variation03_20110128/_08_rx-12.306_ry+03.321_rz+17.133_tx+00.128_ty-00.501_s+00.730_32bd1bc3138bc74d6b514fabcaa0ebdaf5fa4607_256x256.png,images/gray_background.png,images/Variation03_20110128/_001_rx+27.105_ry-43.102_rz-07.230_tx+00.151_ty+00.308_s+00.887_b99d354629bec3043d5959cc4cf68b7564d785b2_256x256.png,images/Variation03_20110128/_08_rx+30.963_ry+15.787_rz-06.035_tx+00.014_ty-00.201_s+00.578_93fde314b7b711d21304aad7a11973ecb9e5c641_256x256.png,b,b,b,x,x
1,images/Variation06_20110131/_10_rx-43.654_ry+29.865_rz+07.301_tx-00.261_ty-00.242_s+00.720_57e1f4f3514b3909fa567fb38e78b4ca1cb3ea74_256x256.png,images/Variation03_20110128/motoryacht_rx-19.752_ry+57.002_rz+20.681_tx-00.005_ty-00.191_s+01.304_6263c3e55204329b4c0eb3fcefe1a9821bb9e3e7_256x256.png,images/gray_background.png,images/Variation06_20110131/face0005_rx-50.109_ry+61.480_rz-25.281_tx-00.208_ty-00.283_s+00.545_0462a4fc0937ad5cf0cf2e205c9cebc26e3bd69c_256x256.png,images/gray_background.png,images/Variation03_20110128/Strawberry_obj_rx-123.053_ry+10.358_rz+23.804_tx+00.003_ty-00.314_s+00.677_47044998e5d194ebc2082d6308a8c63b6b91dc1b_256x256.png,b,b,x,b,none
1,images/Variation03_20110128/alfa155_rx-01.560_ry+24.769_rz+15.035_tx+00.148_ty-00.313_s+00.819_ccee689aa597aa9e08a77716cefab6b6ea5cd1dc_256x256.png,images/Variation06_20110131/junkers88_rx+52.221_ry-57.273_rz+47.893_tx-00.463_ty-01.094_s+01.169_4ffc90d6e48de24297195daa7ceaf5a4d0578649_256x256.png,images/gray_background.png,images/Variation03_20110128/_12_rx-26.684_ry-00.722_rz+17.020_tx-00.105_ty-00.117_s+00.626_f233822ac73beff05e784f688796406756d1ba36_256x256.png,images/gray_background.png,images/Variation03_20110128/junkers88_rx-39.123_ry-36.048_rz+33.504_tx-00.133_ty-00.478_s+01.551_49dbfe8feb954106ede2551266b53774546dd6ec_256x256.png,b,b,x,b,x
1,images/Variation00_20110203/face0001_rx+00.000_ry+00.000_rz+00.000_tx+00.000_ty+00.000_s+00.800_03cc073048086031bfaf7eea4231d0f3f30fd66f_256x256.png,images/gray_background.png,images/Variation06_20110131/_08_rx-07.137_ry-36.882_rz+15.787_tx+00.553_ty-00.293_s+00.612_8134ebfe0d812e20021c07820338ff032716f733_256x256.png,images/Variation06_20110131/_19_flyingBoat_rx-04.891_ry+104.958_rz+64.719_tx+00.254_ty+00.512_s+01.027_6255d018352facaa072dd81e00b8bf0dce85f696_256x256.png,images/gray_background.png,images/Variation06_20110131/_08_rx+08.624_ry-25.932_rz-48.964_tx+00.032_ty+00.988_s+00.654_30e01fdb99cb0d8700218b4d6d48f316546a8343_256x256.png,b,b,none,b,x
1,images/Variation06_20110131/_01_Airliner_2jetEngines_rx-25.512_ry+67.394_rz+146.656_tx-00.441_ty+00.445_s+01.965_82e68f170721208ecb2a401afa1d9b83474b9ddf_256x256.png,images/gray_background.png,images/gray_background.png,images/Variation03_20110128/_014_rx+28.183_ry+03.432_rz+34.803_tx+00.203_ty+00.191_s+00.616_52314c5abb6879f841345919f47d38f2b0eeea16_256x256.png,images/Variation03_20110128/support_rx+26.890_ry+106.450_rz-38.898_tx-00.274_ty+00.449_s+01.132_af7dbded92986ea2c4732a6f19c35e8595bcc55f_256x256.png,images/Variation03_20110128/_014_rx+06.994_ry-04.341_rz+04.006_tx+00.137_ty-00.583_s+00.854_c9e5b15a5b48d8ecb64c6ee38c831a5971976227_256x256.png,b,b,b,x,x
1,images/Variation00_20110203/breed_pug_rx+00.000_ry+90.000_rz+00.000_tx+00.000_ty+00.000_s+00.800_39f5345246ea4a0f1a9314656d8ac71792860d70_256x256.png,images/Variation03_20110128/blCow_rx+03.435_ry+20.351_rz-22.614_tx+00.199_ty+00.507_s+00.671_3124a9e2bc7e87cdbaf77a3280a8746370aba970_256x256.png,images/Variation06_20110131/face0001_rx-16.525_ry-25.069_rz+22.663_tx+00.011_ty+00.168_s+00.753_9dc68e3ca1835f11be809e587ca05cb5a234f048_256x256.png,images/gray_background.png,images/gray_background.png,images/Variation03_20110128/face0001_rx-19.933_ry-15.820_rz+09.418_tx-00.217_ty+00.054_s+00.851_02d8b67ba1b2ce3bdae01d9ac944be093008343d_256x256.png,b,x,b,b,none
1,images/Variation03_20110128/rdbarren_rx+32.387_ry-01.547_rz+28.051_tx+00.089_ty-00.204_s+01.362_63e36fc21bcb979b16981de9b228dbe45ff3b8fd_256x256.png,images/gray_background.png,images/Variation03_20110128/face0006_rx-39.817_ry+09.542_rz+14.822_tx+00.116_ty+00.511_s+00.925_2bc3ec7c92bba9f3ce8250458c453e4ab5638c3e_256x256.png,images/gray_background.png,images/Variation03_20110128/_033_rx+27.680_ry-40.021_rz+37.094_tx-00.060_ty-00.344_s+00.748_2a07a8f00f7ab01b54fbfbb595f8e0e845f7435d_256x256.png,images/Variation03_20110128/face0006_rx+41.752_ry-14.677_rz+35.410_tx+00.296_ty+00.432_s+00.731_3dc7335ce388f516317fdfdbec69b85180d75e2f_256x256.png,b,b,b,x,x
1,images/Variation03_20110128/_19_flyingBoat_rx+27.024_ry+104.520_rz+100.874_tx+00.096_ty+00.280_s+01.672_70222407751181c4b7723cb09dbda63e7f9c7333_256x256.png,images/gray_background.png,images/Variation00_20110203/DTUG_L_rx+00.000_ry+00.000_rz+00.000_tx+00.000_ty+00.000_s+01.200_0392f019836b4ff006d8360fa98b7ce556de9848_256x256.png,images/Variation06_20110131/_008_rx-89.816_ry+02.913_rz+28.731_tx+00.429_ty+01.181_s+00.700_7c7368b846c0f9c02efa392d49e181dc1771b9ff_256x256.png,images/gray_background.png,images/Variation03_20110128/DTUG_L_rx-25.335_ry+18.985_rz+33.286_tx+00.078_ty-00.356_s+01.494_7cce9edf08e4b1e886010cd03518df2f90e0eed8_256x256.png,b,b,none,b,x
2,images/Variation06_20110131/_10_rx+31.997_ry+53.051_rz-38.871_tx-00.329_ty+00.079_s+01.009_a22ba0ef7c2e80bee9a22e6e27ef0a64ad99f49b_256x256.png,images/Variation06_20110131/f16_rx+72.389_ry+49.462_rz+34.844_tx-00.437_ty-00.177_s+01.047_602bc12d1a86645be44574d013c88d450288ade8_256x256.png,images/gray_background.png,images/Variation06_20110131/z3_rx+63.566_ry-40.296_rz-61.601_tx-00.595_ty-00.195_s+01.480_fa3aff9af6b31c0527d07d84a9f49b95f265f1fb_256x256.png,images/gray_background.png,images/Variation03_20110128/f16_rx-39.941_ry-31.945_rz-00.750_tx+00.003_ty+00.392_s+01.590_d9a49c31fcabfd120e65dda216e2ca974780e3b9_256x256.png,b,b,x,b,x
2,images/Variation06_20110131/bora_a_rx+43.599_ry-40.987_rz-37.763_tx+00.035_ty-00.983_s+00.903_0feb8f22c1d22abefb6acbb5ef93695f2094f7bd_256x256.png,images/Variation06_20110131/walnut_obj_rx-75.277_ry-63.130_rz-81.849_tx-00.104_ty+01.106_s+00.771_e7c8352f3163523025a88c59126e2ac670bb72c1_256x256.png,images/gray_background.png,images/Variation03_20110128/ELEPHANT_M_rx+23.422_ry+41.576_rz+41.852_tx+00.005_ty-00.406_s+00.858_91318c3c1f254748856df272cafb19062aedc8b2_256x256.png,images/gray_background.png,images/Variation03_20110128/clio_rx-40.651_ry-26.716_rz+17.903_tx+00.006_ty-00.309_s+01.161_5ff1d617004bba6a49f404d601bc90cc4e2d119f_256x256.png,b,b,x,b,none
2,images/Variation03_20110128/_004_rx+01.249_ry+27.153_rz+19.740_tx-00.249_ty-00.056_s+00.758_bdb7fd771c6e6ff2e8d3e28fa3bc940143635ed8_256x256.png,images/Variation06_20110131/face0007_rx+60.481_ry-19.778_rz-50.940_tx-00.557_ty+00.188_s+01.176_c6f2b8e02806471c543be22272f3cdfd8a0b31ee_256x256.png,images/Variation06_20110131/_014_rx-28.300_ry+83.489_rz-55.316_tx-00.379_ty-00.151_s+00.477_b70fd2906724c3574568604add8c87ebbc0471e7_256x256.png,images/gray_background.png,images/gray_background.png,images/Variation06_20110131/cruiser_rx-77.671_ry+63.337_rz-05.289_tx-00.280_ty-00.645_s+01.359_93ac31ef0bd9256985a1253b6f1f133e824c9d78_256x256.png,b,x,b,b,none
2,images/Variation03_20110128/Pear_obj_rx-134.987_ry+18.370_rz-07.316_tx+00.070_ty+00.394_s+00.725_07ab24ae34b1b57f13de0f2a86f7f0c6a74c5c39_256x256.png,images/gray_background.png,images/Variation03_20110128/_05_future_rx+02.969_ry+46.868_rz+93.969_tx-00.160_ty-00.344_s+01.085_91971a7b6e3dc769ecce495f245ae8b32d409f26_256x256.png,images/gray_background.png,images/Variation06_20110131/_44_rx-73.848_ry+42.053_rz+62.683_tx+00.086_ty+00.014_s+01.096_afef464944c33023b8cf3531c9cd5912516f05bc_256x256.png,images/Variation06_20110131/_05_future_rx-70.959_ry+152.765_rz+59.683_tx+00.061_ty+00.362_s+00.861_4bc1f90f00c27ffc8309c26420804eada2621dc2_256x256.png,b,b,b,x,x
2,images/Variation03_20110128/ELEPHANT_M_rx-18.799_ry-19.132_rz-17.076_tx+00.086_ty-00.526_s+00.719_a6ef75e4e9871cc152c483067323a65c7bec7dbc_256x256.png,images/Variation06_20110131/junkers88_rx-60.430_ry-85.979_rz+76.586_tx+00.213_ty-01.185_s+01.364_8c2735a7d3e1cce9d170b5280722795e785949d4_256x256.png,images/gray_background.png,images/Variation03_20110128/_38_rx+14.231_ry+44.246_rz-35.368_tx+00.116_ty-00.564_s+00.737_7d1324f179ac25d65993adf69d6ea9b9bcefd76c_256x256.png,images/gray_background.png,images/Variation03_20110128/junkers88_rx-16.878_ry-13.692_rz+25.835_tx-00.285_ty+00.531_s+01.508_9944b2cc57b0d3f71bd88cdd673675e8be839583_256x256.png,b,b,x,b,x
2,images/Variation06_20110131/walnut_obj_rx-152.802_ry+56.999_rz-59.786_tx+00.337_ty-00.820_s+00.571_94219a390afd0d12d11ddf0dc39eea07b74c8986_256x256.png,images/gray_background.png,images/Variation03_20110128/_44_rx-39.293_ry-09.090_rz-20.165_tx-00.227_ty-00.425_s+00.800_afef464944c33023b8cf3531c9cd5912516f05bc_256x256.png,images/gray_background.png,images/Variation06_20110131/MQUEEN_L_rx-67.577_ry-03.427_rz-79.081_tx+00.213_ty-00.764_s+01.415_f27f7336e919d50ef88f096b7f4ee0ba02b5e1b5_256x256.png,images/Variation06_20110131/LIONESS_rx+33.253_ry+39.172_rz-01.617_tx-00.278_ty-00.412_s+00.829_cf6846a1c3555e3becae9c3d74e1fb84dd60ffc2_256x256.png,b,b,b,x,none
2,images/Variation06_20110131/_11_rx-13.239_ry+26.296_rz+59.901_tx+00.025_ty+00.276_s+00.987_c9e862a37ad01373a245225a6549fceedaa80b1b_256x256.png,images/Variation06_20110131/astra_rx+20.547_ry-03.233_rz+78.750_tx+00.324_ty-00.307_s+01.368_39aded50724bff36e904a7d3b4e86ac6b8598ddb_256x256.png,images/gray_background.png,images/gray_background.png,images/Variation03_20110128/_08_rx+29.436_ry-07.611_rz+04.672_tx+00.066_ty+00.492_s+00.751_6804503461a48135ffb3c72984fed8d6857b52f9_256x256.png,images/Variation00_20110203/astra_rx+00.000_ry+00.000_rz+00.000_tx+00.000_ty+00.000_s+01.000_087d94504c098c5ebf0ad52164ffd70020644e6e_256x256.png,b,b,b,none,x
2,images/Variation03_20110128/celica_rx-03.531_ry-31.923_rz-13.776_tx+00.059_ty-00.207_s+01.108_8c1f554847486da583ba47f996c62309d3ac718b_256x256.png,images/gray_background.png,images/gray_background.png,images/Variation03_20110128/_011_rx+18.860_ry-42.846_rz+21.484_tx-00.198_ty+00.288_s+00.886_8e1c5ed84a1e7b20178424d5d82c8b517f53ae37_256x256.png,images/Variation03_20110128/celica_rx-30.900_ry+23.553_rz-26.445_tx-00.153_ty+00.598_s+01.102_df8649ff5714596a0846a448315940785eebef90_256x256.png,images/Variation06_20110131/_011_rx-47.086_ry-02.786_rz-52.173_tx-00.383_ty+00.466_s+00.742_faa8871298c63faeb4093c7a5a6bc94906b3a5cc_256x256.png,b,b,b,none,x
2,images/Variation06_20110131/walnut_obj_rx-03.741_ry+88.416_rz-58.012_tx-00.493_ty+00.308_s+00.644_b1a3abb743a6380929584173dcbbb5956bc0d216_256x256.png,images/Variation06_20110131/BAHRAIN_rx+19.462_ry-72.625_rz+20.869_tx-00.291_ty+00.230_s+01.254_a45ad3588f88c1beed8a52d37ccfa7f1cdf6aeb3_256x256.png,images/gray_background.png,images/gray_background.png,images/Variation03_20110128/Apple_Fruit_obj_rx-108.240_ry+27.860_rz+44.521_tx-00.045_ty+00.028_s+00.550_6f1ec1cd79fe742ec13e541e459e6e499e3dc9ea_256x256.png,images/Variation06_20110131/BAHRAIN_rx+19.462_ry-72.625_rz+20.869_tx-00.291_ty+00.230_s+01.254_a45ad3588f88c1beed8a52d37ccfa7f1cdf6aeb3_256x256.png,b,b,b,none,x
2,images/Variation03_20110128/watermelon_obj_rx-70.323_ry-11.807_rz+41.312_tx-00.154_ty-00.066_s+00.599_d717d045b1898a79d55bd9f7fe564a01d9f221a5_256x256.png,images/Variation06_20110131/LIONESS_rx+39.457_ry-07.879_rz-82.102_tx+00.474_ty-00.788_s+00.623_0fa675f344d8903171a28074956b9fed140fa3ff_256x256.png,images/gray_background.png,images/gray_background.png,images/Variation03_20110128/_18_rx+37.804_ry+21.290_rz+03.414_tx-00.111_ty+00.411_s+00.557_8953c11a30551a12b76b52140516eae56723a987_256x256.png,images/Variation06_20110131/celica_rx-37.525_ry-23.307_rz+04.517_tx+00.487_ty-00.640_s+01.404_5ff1d617004bba6a49f404d601bc90cc4e2d119f_256x256.png,b,b,b,none,none
2,images/Variation06_20110131/sopwith_rx-78.854_ry+34.453_rz+61.465_tx-00.000_ty-00.958_s+00.906_c66efe56fbb2bcee29caa5588e1ab3541d327291_256x256.png,images/gray_background.png,images/Variation03_20110128/SISTER_L_rx+36.474_ry-37.801_rz-41.212_tx-00.067_ty-00.495_s+00.950_dae970c8d8a615e08a567e64ff452643ac4ed401_256x256.png,images/gray_background.png,images/Variation03_20110128/ELEPHANT_M_rx+07.783_ry-43.224_rz+14.689_tx-00.022_ty-00.494_s+00.673_eee209523cbcce2da2fd13760fa6601959dbb293_256x256.png,images/Variation06_20110131/SISTER_L_rx+71.481_ry+75.948_rz+54.492_tx+00.323_ty+00.665_s+01.871_c4e000ec758b809f0a1132d9e4f6c06b6763a941_256x256.png,b,b,b,x,x
2,images/Variation06_20110131/_01_Airliner_2jetEngines_rx+05.651_ry+151.810_rz+57.400_tx-00.359_ty+00.218_s+01.118_d6704f6497c1425331170fd5d837af93ebfbb465_256x256.png,images/gray_background.png,images/Variation06_20110131/face0006_rx+21.249_ry-01.439_rz-77.990_tx+00.125_ty+01.170_s+00.615_7d0b601f4d93cf372c00a4ab113e6a62aab96a04_256x256.png,images/Variation06_20110131/ELEPHANT_M_rx-84.283_ry-12.650_rz-46.389_tx-00.239_ty+00.272_s+01.082_8d58d7a470b39d1ab3264c38e31f434c4910fced_256x256.png,images/gray_background.png,images/Variation03_20110128/face0003_rx-25.939_ry-00.350_rz+23.504_tx-00.164_ty+00.585_s+00.703_382297b1e3338c6fd170837434592f2e0f3c22b6_256x256.png,b,b,x,b,none
2,images/Variation03_20110128/_031_rx+40.269_ry-26.914_rz+29.995_tx+00.293_ty-00.247_s+00.799_5d2941435564b889572131651b9c50a09d9df31a_256x256.png,images/gray_background.png,images/Variation03_20110128/watermelon_obj_rx-95.747_ry+17.368_rz-16.378_tx+00.223_ty-00.005_s+00.733_87ee40b7228da6a9684c25fcf19cbae4d5bf8f10_256x256.png,images/Variation06_20110131/_11_rx-11.357_ry-26.306_rz-45.770_tx+00.550_ty-00.298_s+01.062_eaf7fea7cf539870a738b5bd12ed7c0ff6b97e7f_256x256.png,images/gray_background.png,images/Variation06_20110131/watermelon_obj_rx-48.814_ry+24.590_rz+14.337_tx+00.305_ty-00.349_s+00.862_f66cc8ab339d2e613a4b48b6819b4b7e6bc82fb9_256x256.png,b,b,x,b,x
2,images/Variation06_20110131/CGTG_L_rx+05.056_ry+35.290_rz-05.660_tx-00.587_ty+00.667_s+00.991_bd7198a5d461541b5fb3a10788a6a50f3bc44f4e_256x256.png,images/Variation03_20110128/alfa155_rx+27.145_ry-15.996_rz-08.989_tx-00.102_ty-00.226_s+01.028_895f2d731002e62392a46787d4527e0080128d65_256x256.png,images/gray_background.png,images/Variation06_20110131/Apricot_obj_rx-159.415_ry-22.368_rz-04.267_tx-00.431_ty+00.886_s+00.837_230f0732257caddf3c9a6434076e6e847165a6c2_256x256.png,images/gray_background.png,images/Variation03_20110128/alfa155_rx-26.590_ry-31.212_rz-31.520_tx-00.096_ty+00.548_s+00.946_1610c00b393f69705a559565779750b4d129875b_256x256.png,b,b,x,b,x
2,images/Variation03_20110128/astra_rx-37.729_ry+10.169_rz+16.218_tx-00.216_ty-00.349_s+00.888_2043d43e2439e21449f77e26a5f5a1ed9f74cbf6_256x256.png,images/Variation06_20110131/_44_rx-70.610_ry+51.676_rz+77.498_tx-00.324_ty-01.111_s+00.484_ebd74e9c6a0e2ccfbfdb6a468e660e3f32a50e7e_256x256.png,images/gray_background.png,images/Variation03_20110128/Strawberry_obj_rx-74.268_ry+01.427_rz-30.985_tx-00.295_ty-00.282_s+00.883_06b7df662298950e1e8a3d2c656ea9bc8244c269_256x256.png,images/gray_background.png,images/Variation03_20110128/Strawberry_obj_rx-93.250_ry+32.931_rz+32.931_tx+00.245_ty+00.376_s+00.792_415404f429402f8ad24623e1b14197e5ed7de28f_256x256.png,b,b,x,b,none
2,images/Variation00_20110203/_10_rx+00.000_ry+00.000_rz+00.000_tx+00.000_ty+00.000_s+00.700_16683b393b6dd68c7379e18d0464a6adafe1c2d2_256x256.png,images/gray_background.png,images/Variation06_20110131/_033_rx+08.660_ry-83.758_rz-38.508_tx-00.244_ty+00.550_s+01.051_6ace5a71630b9531e891b4e8d425251fbc668bba_256x256.png,images/Variation06_20110131/BAHRAIN_rx-45.180_ry+57.308_rz+36.563_tx+00.071_ty+00.788_s+01.791_e6e35b52067f0ea85e1741f401e5c76bc8f2cf31_256x256.png,images/gray_background.png,images/Variation06_20110131/_033_rx-31.922_ry-76.340_rz+84.794_tx-00.371_ty-00.581_s+00.643_42bc31e2b31052ddbf437c0feb19d1595db1f03f_256x256.png,b,b,none,b,x
2,images/Variation03_20110128/CGTG_L_rx+33.526_ry-32.747_rz+00.826_tx+00.083_ty-00.244_s+01.442_ebfd7c9fd55b14dddce95f6844d89bc538d2af41_256x256.png,images/gray_background.png,images/Variation03_20110128/_014_rx-37.206_ry-09.167_rz+02.295_tx-00.021_ty-00.299_s+00.572_05e047d5c97f390ffcded5988c1226c4c75c8efa_256x256.png,images/gray_background.png,images/Variation06_20110131/junkers88_rx+84.764_ry+66.230_rz-77.311_tx+00.278_ty-01.006_s+01.483_eb0f55427837364aed6c417d2a13f184341b8545_256x256.png,images/Variation03_20110128/_014_rx-24.265_ry+26.675_rz-41.382_tx+00.159_ty+00.258_s+00.850_2d3f73d7ee9961ba84507c77a494a0ad5ac81fd7_256x256.png,b,b,b,none,x
2,images/Variation06_20110131/_19_flyingBoat_rx-54.976_ry+80.325_rz+54.112_tx+00.493_ty+01.088_s+01.991_d9ac79bd5506a76708444a04176b1f7b3efddc12_256x256.png,images/gray_background.png,images/Variation03_20110128/_11_rx+08.856_ry-36.725_rz+26.575_tx+00.022_ty-00.312_s+00.576_87eb98d9439069baa876c0ded555d4668fe1f692_256x256.png,images/Variation06_20110131/clio_rx+59.496_ry+86.657_rz-32.960_tx+00.216_ty+00.821_s+01.472_54dedbf44f818e734266b4929da6bef526f10961_256x256.png,images/gray_background.png,images/Variation06_20110131/_11_rx+75.703_ry-65.020_rz-10.428_tx-00.258_ty+01.067_s+01.107_03dd8cdf120f9f8cdd647feaca4afe7d9d65dfbf_256x256.png,b,b,x,b,x
2,images/Variation03_20110128/support_rx-31.396_ry+89.940_rz+00.859_tx-00.039_ty-00.246_s+01.391_9a23ca52795a98aa4147d47d48eb87d78108289c_256x256.png,images/Variation03_20110128/breed_pug_rx-11.236_ry+122.331_rz-32.697_tx-00.297_ty+00.068_s+00.838_7965598a4a39604d84ef93ad9991203034921ee5_256x256.png,images/Variation06_20110131/breed_pug_rx+46.630_ry+51.311_rz-44.875_tx-00.465_ty-00.160_s+00.929_1ff9fb9fca70886eff13e981850e18cbddd9f7db_256x256.png,images/gray_background.png,images/gray_background.png,images/Variation03_20110128/breed_pug_rx+32.192_ry+52.147_rz+02.443_tx-00.092_ty-00.053_s+00.986_94a36fd5fefaf482d3404032f9146029e7ad1d5d_256x256.png,b,none,b,b,x
2,images/Variation06_20110131/face0006_rx-19.643_ry+11.241_rz-72.384_tx+00.131_ty+00.771_s+00.956_e1cd3618e3578dfd2d7b0dfad800dc77e94c244a_256x256.png,images/Variation06_20110131/sopwith_rx-76.520_ry-12.371_rz+44.052_tx+00.296_ty+00.762_s+00.931_1db322309bb86883e1fd1ddf7d800644dd4fe344_256x256.png,images/gray_background.png,images/Variation06_20110131/hedgehog_rx+86.349_ry+151.817_rz+28.913_tx+00.016_ty+00.732_s+01.208_a9e245e371f45b3919860c8a17f533876821ad1f_256x256.png,images/gray_background.png,images/Variation03_20110128/sopwith_rx-19.516_ry+14.705_rz+28.960_tx-00.167_ty+00.504_s+01.247_823b00e8444166b141eaed90931f3d0199e655c2_256x256.png,b,b,x,b,x
3,images/Variation06_20110131/watermelon_obj_rx-86.112_ry+08.791_rz-03.169_tx-00.026_ty+00.986_s+01.055_765d59435a0da3d221af1a5da47e4b71c4bcc19f_256x256.png,images/gray_background.png,images/gray_background.png,images/Variation03_20110128/_37_rx+34.426_ry+08.136_rz+04.344_tx+00.059_ty+00.306_s+00.704_6fded474826cd02ca4c6f4461271a61fde1081f1_256x256.png,images/Variation06_20110131/_004_rx+81.688_ry-21.043_rz-73.872_tx+00.003_ty-00.971_s+00.761_35b834eabf174dbcb8984efcf819ab5726834409_256x256.png,images/Variation06_20110131/face0006_rx+59.717_ry-22.703_rz+13.414_tx-00.283_ty+00.506_s+00.833_ca33fa02089e47ff9db60823277c3ea0adb5234e_256x256.png,b,b,b,none,none
3,images/Variation06_20110131/_12_rx+71.989_ry+22.140_rz-32.319_tx+00.153_ty+00.505_s+01.024_570ced2f447c7d685043142ed9308da97fee1b12_256x256.png,images/Variation03_20110128/hedgehog_rx+13.786_ry+118.894_rz-01.173_tx-00.259_ty+00.272_s+00.694_045ea9658f3e482e3a05a67b2541d7491876047d_256x256.png,images/Variation06_20110131/mig29_rx+49.855_ry+36.880_rz-01.321_tx+00.188_ty+01.171_s+02.039_07b007dac70b420825dfb43acf1b41965a05fc8d_256x256.png,images/gray_background.png,images/gray_background.png,images/Variation03_20110128/MQUEEN_L_rx+22.082_ry-26.503_rz-16.784_tx-00.299_ty-00.365_s+01.170_434850dba61b6ffccb75ce49bec670a647faa8fe_256x256.png,b,x,b,b,none
3,images/Variation03_20110128/alfa155_rx+06.721_ry+29.997_rz-17.071_tx+00.260_ty-00.436_s+01.250_5e40e8fbd3fe0a1090b5c9268077ce34542b968d_256x256.png,images/Variation03_20110128/BAHRAIN_rx-19.144_ry-43.369_rz-41.465_tx+00.005_ty-00.067_s+01.524_871a59b6008f25264ba06c36b82abfaea34a6d49_256x256.png,images/Variation06_20110131/Beetle_rx-23.878_ry+89.935_rz-37.115_tx-00.120_ty+00.364_s+00.719_8c1f554847486da583ba47f996c62309d3ac718b_256x256.png,images/gray_background.png,images/gray_background.png,images/Variation06_20110131/raspberry_obj_rx-141.329_ry-35.650_rz-33.559_tx-00.163_ty+00.649_s+01.082_8ca7aa632c3a7767c8bc526d98d09ef5edff0732_256x256.png,b,none,b,b,none
3,images/Variation06_20110131/_44_rx-08.556_ry-52.913_rz-29.790_tx-00.494_ty-01.091_s+01.100_2ab601afc63659b9b2e91e4ad4ca1963df39d481_256x256.png,images/Variation06_20110131/face0001_rx-17.150_ry+85.544_rz+71.740_tx-00.251_ty-00.287_s+00.996_397df34f559f4bd54b6b61b0eca2869da08ee70c_256x256.png,images/gray_background.png,images/Variation06_20110131/Apricot_obj_rx-20.891_ry-51.515_rz-71.238_tx-00.050_ty+00.873_s+00.952_ac4b0926c53484b24f5e76e53c42ff2f22043e4f_256x256.png,images/gray_background.png,images/Variation03_20110128/face0001_rx+36.189_ry+11.010_rz+38.075_tx+00.177_ty-00.128_s+00.939_45451f189aa8e9c4fcca19cc753feda3dc1a42af_256x256.png,b,b,none,b,x
3,images/Variation06_20110131/face0004_rx-34.062_ry-21.869_rz-17.746_tx+00.313_ty+01.064_s+01.110_d433bb0fa708ba13434b409b50afc77dc4802fb8_256x256.png,images/gray_background.png,images/gray_background.png,images/Variation03_20110128/f16_rx+33.832_ry-38.617_rz+10.202_tx-00.299_ty+00.070_s+01.227_2f7c4448f01901a7d0d4b9da09633a8a23dfde69_256x256.png,images/Variation03_20110128/_031_rx+32.691_ry-00.297_rz-31.758_tx+00.209_ty+00.570_s+00.606_faa8871298c63faeb4093c7a5a6bc94906b3a5cc_256x256.png,images/Variation03_20110128/face0002_rx+26.075_ry+08.295_rz+43.106_tx+00.120_ty-00.055_s+00.777_0c7c1f2a6a0e3923113bb7782ca15427ef220e2f_256x256.png,b,b,b,x,none
3,images/Variation03_20110128/_01_Airliner_2jetEngines_rx-17.648_ry+54.988_rz+111.932_tx-00.149_ty-00.303_s+01.505_8cc97eab29fae3376bdd179b9c114dc3a09a4bb2_256x256.png,images/gray_background.png,images/Variation06_20110131/celica_rx+76.093_ry-87.436_rz-45.075_tx+00.338_ty+00.140_s+01.481_da28634d1caa688dd6a5ea5cd8f2f89ee00019bd_256x256.png,images/Variation06_20110131/_031_rx-87.243_ry-56.428_rz-38.987_tx-00.255_ty+00.540_s+00.943_4850d4321c26797dcbc9785beedfa01d46dc7cc6_256x256.png,images/gray_background.png,images/Variation03_20110128/celica_rx+10.581_ry+03.222_rz+02.222_tx+00.103_ty-00.486_s+01.040_54dedbf44f818e734266b4929da6bef526f10961_256x256.png,b,b,none,b,x
3,images/Variation06_20110131/astra_rx+62.234_ry+04.780_rz+35.936_tx-00.347_ty+01.190_s+01.514_3445b5f27d1390cfb88254052c1f9e7a8a8dc237_256x256.png,images/Variation03_20110128/Strawberry_obj_rx-92.342_ry+32.082_rz+42.020_tx-00.245_ty-00.568_s+00.692_900fa13be24e8d4534f7a2e076e98d9ee24461a8_256x256.png,images/gray_background.png,images/gray_background.png,images/Variation03_20110128/support_rx+26.890_ry+106.450_rz-38.898_tx-00.274_ty+00.449_s+01.132_af7dbded92986ea2c4732a6f19c35e8595bcc55f_256x256.png,images/Variation03_20110128/Strawberry_obj_rx-95.965_ry-03.293_rz+44.941_tx-00.211_ty-00.171_s+00.762_62b79f229af03f5c60b34b7ad87ec48e0161945d_256x256.png,b,b,b,x,x
3,images/Variation00_20110203/_12_rx+00.000_ry+00.000_rz+00.000_tx+00.000_ty+00.000_s+00.700_006d66c207c6417574f62f0560c6b2b40a9ec5a1_256x256.png,images/Variation03_20110128/hedgehog_rx-21.863_ry+63.655_rz+04.835_tx-00.003_ty-00.042_s+00.763_be53aa0c5757b3a8837147446259c4dce8464795_256x256.png,images/Variation03_20110128/_011_rx-02.998_ry+07.757_rz-21.584_tx+00.165_ty+00.292_s+00.648_fc00f5489216dc7805530851d13f2209efe4ca21_256x256.png,images/gray_background.png,images/gray_background.png,images/Variation03_20110128/TURTLE_L_rx-15.013_ry-03.263_rz+33.341_tx-00.125_ty+00.205_s+00.642_f4dcbe0c92aba6502764a5a96bbf01529368694a_256x256.png,b,x,b,b,none
3,images/Variation06_20110131/cruiser_rx-55.798_ry+125.681_rz+29.470_tx+00.298_ty+01.168_s+01.408_1083a73d528ad6a9414bc5f51db5c855f5386bf1_256x256.png,images/Variation06_20110131/junkers88_rx+49.896_ry-67.941_rz+09.773_tx+00.552_ty+00.742_s+01.114_8970a466317e8dc2143fa5d46f4782fff4293263_256x256.png,images/gray_background.png,images/Variation06_20110131/_014_rx+88.989_ry+05.186_rz+89.047_tx+00.408_ty+00.950_s+01.053_0b8589430de8ab38eb5cccf88dd46654495d215d_256x256.png,images/gray_background.png,images/Variation06_20110131/junkers88_rx-08.291_ry+43.373_rz-70.561_tx+00.075_ty+00.261_s+01.017_e1ec1d9bef07caf6e24b81e1275eea5ae9229157_256x256.png,b,b,x,b,x
3,images/Variation06_20110131/_008_rx-39.159_ry-21.143_rz+20.745_tx-00.118_ty+00.151_s+00.797_9618171c30dcb379ca4f3a97dd5da2a410d42744_256x256.png,images/Variation03_20110128/face0006_rx+12.848_ry-41.113_rz-17.720_tx+00.058_ty-00.356_s+00.910_28225ef96f6829d6ce44d15ad211d7a2e54dae7a_256x256.png,images/gray_background.png,images/gray_background.png,images/Variation03_20110128/motoryacht_rx+31.724_ry+67.338_rz+33.544_tx+00.052_ty-00.009_s+01.286_a1117cf220c542e1a3a11c28c1022b5895d1d5fd_256x256.png,images/Variation03_20110128/face0006_rx-39.135_ry-32.421_rz-23.164_tx+00.147_ty-00.130_s+00.908_7c522f780e83db7091f3cf4931036a5e6808a98e_256x256.png,b,b,b,x,x
3,images/Variation03_20110128/mig29_rx+38.637_ry+39.641_rz-41.375_tx-00.147_ty+00.021_s+01.187_68817bb8e148d74ef043f15424e206835cf8c485_256x256.png,images/gray_background.png,images/Variation06_20110131/_010_rx+46.239_ry+69.520_rz-76.159_tx-00.530_ty-00.677_s+00.785_bfe3fe5a5473ce909be804068020921c09fc7303_256x256.png,images/gray_background.png,images/Variation06_20110131/DTUG_L_rx-24.976_ry-21.404_rz-69.424_tx+00.005_ty-01.085_s+01.520_ebfd7c9fd55b14dddce95f6844d89bc538d2af41_256x256.png,images/Variation03_20110128/_010_rx+13.394_ry-00.449_rz-30.478_tx+00.072_ty-00.327_s+00.687_0868dabb44f2ccfdff1f192f5b13629349d0ceef_256x256.png,b,b,b,none,x
3,images/Variation03_20110128/_010_rx-41.140_ry+11.692_rz-23.765_tx+00.111_ty-00.208_s+00.804_6b7510e171421e33edfff6be5813a7ce9678707c_256x256.png,images/gray_background.png,images/Variation03_20110128/_19_flyingBoat_rx+41.264_ry+56.546_rz+83.865_tx+00.206_ty-00.474_s+01.624_88f988f12ea682ac815c2f86b5beb326969db1be_256x256.png,images/gray_background.png,images/Variation00_20110203/_033_rx+00.000_ry+00.000_rz+00.000_tx+00.000_ty+00.000_s+00.700_0c8291cec8e24b72b2a80f1bbb9e81cd2f5eddd7_256x256.png,images/Variation03_20110128/cruiser_rx+27.796_ry+118.115_rz+11.748_tx+00.287_ty+00.403_s+01.412_f94f453328fe2f42cd6edcc4fb2b5929fd70e10d_256x256.png,b,b,b,x,none
3,images/Variation06_20110131/junkers88_rx+37.952_ry-82.873_rz+00.428_tx+00.287_ty+00.120_s+01.310_b8a916729338d242d515cf26222e073a75edc8a5_256x256.png,images/Variation03_20110128/_004_rx-41.785_ry-11.968_rz+29.595_tx-00.203_ty+00.208_s+00.782_6480c32626969bfc8d45ba531e885e483d45a857_256x256.png,images/gray_background.png,images/Variation06_20110131/_001_rx+25.049_ry+46.547_rz-35.212_tx+00.360_ty-00.036_s+00.967_db3cbafc9be2ec451702dbe598390bf19936c09c_256x256.png,images/gray_background.png,images/Variation03_20110128/_004_rx+08.267_ry+11.615_rz+07.602_tx+00.087_ty+00.062_s+00.742_62a5e71d75d31031913a2693e7f9121e74e6332c_256x256.png,b,b,x,b,x
3,images/Variation06_20110131/Apricot_obj_rx-159.704_ry+63.053_rz+87.598_tx+00.049_ty+00.187_s+00.735_a7fc954d2bd08fc2c4d3ade347f41a03a5850131_256x256.png,images/Variation03_20110128/CGTG_L_rx-41.852_ry+23.620_rz+40.343_tx-00.157_ty-00.156_s+01.204_b1517dd6fa029ec4f4330ef88eed7e8b67d8269f_256x256.png,images/Variation03_20110128/cruiser_rx+27.740_ry+66.274_rz-25.702_tx+00.135_ty-00.432_s+01.516_eb8ac17ea71f6171cfa453993508de3601b54119_256x256.png,images/gray_background.png,images/gray_background.png,images/Variation03_20110128/_008_rx+44.941_ry-06.450_rz+36.992_tx+00.272_ty+00.542_s+00.559_4efe811bef69005e8d0bc86d662abe34aaacb4f3_256x256.png,b,none,b,b,none
3,images/Variation03_20110128/BAHRAIN_rx-22.986_ry+12.262_rz-10.139_tx+00.097_ty+00.195_s+01.476_d3196c6410ce9303231509db26af0b376af4aaaa_256x256.png,images/Variation06_20110131/face0007_rx+11.501_ry-24.696_rz-82.361_tx+00.562_ty-00.938_s+00.587_1f20b372ff22a2bdd5e5031719267f128333f671_256x256.png,images/gray_background.png,images/Variation03_20110128/support_rx+26.890_ry+106.450_rz-38.898_tx-00.274_ty+00.449_s+01.132_af7dbded92986ea2c4732a6f19c35e8595bcc55f_256x256.png,images/gray_background.png,images/Variation03_20110128/face0007_rx+26.555_ry+24.862_rz+12.167_tx+00.099_ty+00.127_s+01.007_85f3de2e04c2e20a438b86fb973cf84201b141be_256x256.png,b,b,none,b,x
3,images/Variation03_20110128/_001_rx-25.097_ry+12.343_rz+04.590_tx+00.017_ty-00.481_s+00.907_b88b90a6f92c2235f4dd7ee79e853df1391691e3_256x256.png,images/gray_background.png,images/Variation00_20110203/face0006_rx+00.000_ry+00.000_rz+00.000_tx+00.000_ty+00.000_s+00.800_1532df330917e0b75d4c0366276577513a11ff92_256x256.png,images/gray_background.png,images/Variation06_20110131/astra_rx+51.508_ry+73.885_rz-46.598_tx+00.171_ty-00.919_s+01.133_b8a7f00821be7928015d3ad35fd4cd7bc563223d_256x256.png,images/Variation03_20110128/face0006_rx-01.746_ry+31.452_rz-20.372_tx+00.266_ty-00.059_s+00.856_0999bb22e30931dacaedccb7a858581c1d8b1ee9_256x256.png,b,b,b,x,x
3,images/Variation06_20110131/_031_rx+61.493_ry-68.398_rz-75.093_tx-00.492_ty-01.187_s+00.497_05391aefea027a1980dd2489b0497cd8fc51f823_256x256.png,images/Variation03_20110128/face0005_rx+04.328_ry-27.590_rz-20.742_tx-00.159_ty-00.439_s+00.898_1d6ea6c7992965ee818c62813d1b8489b50c941c_256x256.png,images/gray_background.png,images/Variation06_20110131/mig29_rx+33.663_ry-04.909_rz-76.178_tx-00.479_ty-00.695_s+01.031_297bf446c63103efe4b63aa65d0f0fb770808661_256x256.png,images/gray_background.png,images/Variation06_20110131/face0005_rx-85.747_ry+79.877_rz+07.925_tx-00.206_ty+00.349_s+01.156_4b5cf61fed3834518ca790a41ecc6d57a618e982_256x256.png,b,b,x,b,x
3,images/Variation06_20110131/face0002_rx+34.610_ry-56.119_rz-85.683_tx+00.437_ty-00.086_s+01.166_adeed934ed0863dd6aa65f9eb98084f1b3580feb_256x256.png,images/gray_background.png,images/Variation03_20110128/celica_rx+07.497_ry-02.301_rz-09.331_tx-00.016_ty+00.300_s+01.082_8a23f322c24bef2c98332da813a1e7f72ca52bac_256x256.png,images/Variation06_20110131/_37_rx+11.215_ry+13.820_rz-00.875_tx+00.414_ty+00.031_s+00.780_eb6853bb9b055593db3579d7fdfbdd19d4ccce27_256x256.png,images/gray_background.png,images/Variation06_20110131/_11_rx-75.985_ry-63.748_rz-45.021_tx+00.593_ty+00.219_s+00.631_bb47bb39b8e4314b3f5bedea59e040eab7e4c73b_256x256.png,b,b,x,b,none
3,images/Variation03_20110128/_37_rx+36.611_ry-43.196_rz+33.597_tx+00.039_ty+00.391_s+00.829_e20e128f8061923fc3ab3fec07fb737b8a787921_256x256.png,images/gray_background.png,images/Variation06_20110131/alfa155_rx-19.491_ry-30.812_rz-56.416_tx+00.080_ty+00.903_s+00.800_5b48d5fdadde701bbdf3c598fe22cca24220679e_256x256.png,images/gray_background.png,images/Variation06_20110131/junkers88_rx-08.291_ry+43.373_rz-70.561_tx+00.075_ty+00.261_s+01.017_e1ec1d9bef07caf6e24b81e1275eea5ae9229157_256x256.png,images/Variation03_20110128/alfa155_rx+13.221_ry-23.953_rz+24.330_tx-00.191_ty-00.269_s+01.246_2857db2f8a7383ff5329a742d7f617fa39cbd18f_256x256.png,b,b,b,x,x
3,images/Variation06_20110131/ELEPHANT_M_rx-50.290_ry-06.362_rz+04.528_tx+00.598_ty-00.356_s+00.814_12879e2e899facfc9f73fc91829227a1e9ababeb_256x256.png,images/gray_background.png,images/gray_background.png,images/Variation03_20110128/_44_rx-20.564_ry+28.296_rz-12.900_tx-00.054_ty-00.073_s+00.709_284cc8ef4e15393ab4f661f8f31d7bcbc909bb18_256x256.png,images/Variation06_20110131/blCow_rx+87.996_ry-27.620_rz+52.150_tx+00.006_ty-01.094_s+01.064_81e25381b364bb07def6f38d81fc16ef04bc1745_256x256.png,images/Variation06_20110131/_44_rx-89.762_ry+51.346_rz+23.132_tx+00.161_ty+00.006_s+00.813_7655bcc428077db2b47939cf3570cffd9ce9accd_256x256.png,b,b,b,none,x
4,images/Variation06_20110131/walnut_obj_rx-161.288_ry-38.858_rz+67.073_tx+00.173_ty-00.901_s+00.884_7701f2eacb378b4f8f6b92879d9cca8b6bc63d5c_256x256.png,images/gray_background.png,images/Variation06_20110131/f16_rx-68.991_ry+04.974_rz+73.741_tx-00.015_ty+00.967_s+01.918_4e0161fa205431104f32b316c4df72a9b8934dec_256x256.png,images/Variation03_20110128/_011_rx-28.160_ry-14.084_rz+36.103_tx-00.206_ty+00.595_s+00.834_119094b11cf4f1208e7b95168955bb7089b64c44_256x256.png,images/gray_background.png,images/Variation06_20110131/f16_rx-42.384_ry-26.990_rz-34.048_tx+00.030_ty-00.997_s+00.823_c5e0800019045c901b8622c215a871a62cd2d2a9_256x256.png,b,b,none,b,x
4,images/Variation06_20110131/face0008_rx+36.536_ry-32.925_rz-87.217_tx+00.427_ty+00.135_s+00.821_268bf74dacf1dc7ada7c5d2f72606b194e9e0588_256x256.png,images/Variation06_20110131/_38_rx-86.587_ry-33.985_rz+32.393_tx+00.115_ty-00.270_s+00.973_0310c4ae939fca78258ec5e724fd17e480d5f314_256x256.png,images/gray_background.png,images/gray_background.png,images/Variation06_20110131/LIONESS_rx-41.091_ry-12.033_rz+74.145_tx+00.540_ty-00.490_s+00.930_11dd53f0429c268c5263f44cc5d70b1699149d05_256x256.png,images/Variation03_20110128/_05_future_rx-05.238_ry+99.551_rz+79.441_tx+00.240_ty-00.551_s+01.464_954e2dd1e73ac01adea6066ef515bd46e84a7064_256x256.png,b,b,b,none,none
4,images/Variation06_20110131/rdbarren_rx+74.287_ry-16.098_rz+45.247_tx-00.112_ty-00.760_s+01.150_863817582510964277983a0bee124e90f70a703c_256x256.png,images/gray_background.png,images/gray_background.png,images/Variation06_20110131/bmw325_rx-76.014_ry-20.759_rz-10.234_tx-00.206_ty+00.380_s+00.715_2f7b5ae717dc0fedc5ce69acc3c304ebff8fd0e4_256x256.png,images/Variation03_20110128/_18_rx-26.758_ry-02.302_rz-20.676_tx-00.183_ty-00.444_s+00.849_a56aa0d6b8386213ec80d8b8c1bdc7dd19ec9edb_256x256.png,images/Variation06_20110131/bmw325_rx+00.671_ry+83.828_rz-27.915_tx+00.014_ty-00.741_s+00.867_fd4376303731b6bd708c4399e23fb3b4a725f30c_256x256.png,b,b,b,x,x
4,images/Variation03_20110128/junkers88_rx-22.535_ry-25.807_rz-41.096_tx+00.299_ty-00.044_s+01.035_1d094a828ddfc5fb7b291ffc37da0ebc7edc4ac5_256x256.png,images/gray_background.png,images/gray_background.png,images/Variation00_20110203/watermelon_obj_rx-90.000_ry+00.000_rz+00.000_tx+00.000_ty+00.000_s+00.700_2264a1b8516f0855cd82a3968db4bf1d832f3709_256x256.png,images/Variation03_20110128/Apple_Fruit_obj_rx-51.496_ry+32.041_rz-10.087_tx-00.022_ty-00.585_s+00.600_a357bbb5177d07502b95ad54a1443308a39a76d7_256x256.png,images/Variation00_20110203/sopwith_rx+00.000_ry+00.000_rz+00.000_tx+00.000_ty+00.000_s+01.300_10cfca5ea068f08b4e70b811446d11a6b7a94150_256x256.png,b,b,b,none,none
4,images/Variation06_20110131/bora_a_rx-82.069_ry-74.080_rz+45.517_tx+00.324_ty+00.376_s+00.939_18155d790854f631ef578f5d709b055d300b610a_256x256.png,images/gray_background.png,images/gray_background.png,images/Variation06_20110131/_18_rx+66.530_ry-71.710_rz+87.650_tx-00.231_ty-00.599_s+00.959_bdbf3e971b53c49a926d0a953d12ef84877b5978_256x256.png,images/Variation06_20110131/face0006_rx-14.024_ry+22.878_rz-65.206_tx+00.327_ty+00.119_s+01.172_0195af3279dbe5ba1e9e89c70a50d7b8d7ef9e68_256x256.png,images/Variation03_20110128/_18_rx+09.082_ry+22.137_rz-20.530_tx-00.200_ty-00.403_s+00.856_53d9385523ac2f6c2a07443dac9c8095a4f0a118_256x256.png,b,b,b,x,x
4,images/Variation06_20110131/Apricot_obj_rx-134.358_ry-05.400_rz-45.801_tx-00.382_ty+00.345_s+00.461_3fcd53e80a30629859315f6b800fddd879eec5a1_256x256.png,images/Variation03_20110128/sopwith_rx-00.318_ry-17.104_rz-27.544_tx-00.023_ty+00.357_s+01.610_edc5eab64cbc19131e1f28fc296a6ee3d0e88100_256x256.png,images/gray_background.png,images/Variation06_20110131/clio_rx-61.927_ry-33.897_rz+84.172_tx+00.238_ty+00.516_s+01.597_1c2e6d110abe33120dd4ed04e5476f804b644c41_256x256.png,images/gray_background.png,images/Variation06_20110131/sopwith_rx-54.555_ry+33.616_rz-14.825_tx+00.418_ty+00.779_s+01.998_f9b595e5ed0ab41ca8f693860c013ee38eeb5347_256x256.png,b,b,none,b,x
4,images/Variation03_20110128/TURTLE_L_rx+01.179_ry-39.808_rz-37.204_tx+00.144_ty+00.007_s+00.934_e59986f79a74f96cf0f712851ff22f4b5f6168a5_256x256.png,images/Variation06_20110131/DTUG_L_rx+66.278_ry-73.814_rz+28.395_tx+00.498_ty-00.904_s+01.061_b1f88880336e2687ea5df15043b82cd7bdbe453e_256x256.png,images/gray_background.png,images/gray_background.png,images/Variation06_20110131/face0007_rx-85.371_ry-07.507_rz-20.373_tx+00.067_ty-00.746_s+00.719_4c37a60ca906b088b6e01bbe38001cad80847af9_256x256.png,images/Variation06_20110131/DTUG_L_rx-06.680_ry-71.434_rz-02.050_tx-00.238_ty+00.986_s+01.255_24ce1e27cfd7d381bedbfdc4ae01489fe53a1b1b_256x256.png,b,b,b,none,x
4,images/Variation00_20110203/Pear_obj_rx-90.000_ry+00.000_rz+00.000_tx+00.000_ty+00.000_s+00.700_086d902a3df78fb8dc4dcc089f198dbf1f91fda4_256x256.png,images/gray_background.png,images/Variation06_20110131/_05_future_rx-76.786_ry+152.115_rz+113.510_tx-00.452_ty+00.219_s+01.990_a38f7efa470fafdf195bf2b215b97bfddfb4cdc6_256x256.png,images/Variation03_20110128/face0006_rx+43.056_ry-27.390_rz-12.783_tx+00.217_ty-00.063_s+00.906_6a08f2c672320975822e452172cc4d3cfe0bae43_256x256.png,images/gray_background.png,images/Variation03_20110128/_05_future_rx+31.950_ry+106.432_rz+109.025_tx-00.242_ty-00.374_s+01.144_f4745bd37cbe2e4fff592defa97b28322e26058a_256x256.png,b,b,none,b,x
4,images/Variation06_20110131/bear_rx+57.307_ry+120.186_rz+75.965_tx-00.361_ty+01.165_s+01.038_53cab4dd709ce18050cb3be653ac9226519b2376_256x256.png,images/gray_background.png,images/Variation06_20110131/_031_rx-08.490_ry-62.638_rz-40.899_tx+00.046_ty+00.473_s+00.689_acaba78f4f970c5db0de9998a3b60545f1206a8c_256x256.png,images/Variation06_20110131/BAHRAIN_rx-40.458_ry-14.863_rz+55.456_tx-00.025_ty+00.842_s+01.053_8f971f0650fcd283d1af228e4ab66022beb71ebe_256x256.png,images/gray_background.png,images/Variation06_20110131/_031_rx-53.961_ry+30.136_rz+24.183_tx+00.032_ty-00.417_s+00.830_27c82de347064b827dc3826e3218753cf476a8c7_256x256.png,b,b,none,b,x
4,images/Variation06_20110131/sopwith_rx-78.854_ry+34.453_rz+61.465_tx-00.000_ty-00.958_s+00.906_c66efe56fbb2bcee29caa5588e1ab3541d327291_256x256.png,images/gray_background.png,images/Variation03_20110128/sopwith_rx+17.653_ry+29.621_rz+03.509_tx+00.004_ty-00.041_s+01.127_74ecdf770320ccfca606714b18e7f3fe907b473f_256x256.png,images/gray_background.png,images/Variation03_20110128/Strawberry_obj_rx-69.267_ry-26.416_rz-20.138_tx+00.197_ty-00.465_s+00.847_917dc21db5c132cf5ab5a982a342a77add989872_256x256.png,images/Variation03_20110128/sopwith_rx-43.573_ry+23.045_rz+19.954_tx-00.066_ty-00.091_s+01.000_697ffcb723fa1c9dc2974681bf2dd10159d56796_256x256.png,b,b,b,x,x
4,images/Variation06_20110131/_033_rx-88.839_ry+44.779_rz-18.663_tx+00.038_ty+00.040_s+01.004_84e8bad860da27775d5c9d7a5e262c5fda3ce435_256x256.png,images/Variation06_20110131/_010_rx+04.493_ry-34.576_rz-30.644_tx-00.149_ty+01.026_s+00.882_9341a2292908ff174b67368d8374b276a87ce802_256x256.png,images/gray_background.png,images/gray_background.png,images/Variation03_20110128/SISTER_L_rx-23.796_ry+10.474_rz-11.312_tx-00.107_ty+00.076_s+01.263_1fe8830d0d0347244362e51c45ec5367429c003f_256x256.png,images/Variation06_20110131/_008_rx-17.875_ry-77.268_rz+70.627_tx-00.349_ty+00.655_s+00.665_254c356d24e8ba9859e250b0e9a6576bef2a81ad_256x256.png,b,b,b,x,none
4,images/Variation06_20110131/_001_rx+62.276_ry-83.949_rz+85.697_tx-00.336_ty+01.154_s+00.799_e52bb3edf25bb8483dbd78acc4c324dd263e9aa5_256x256.png,images/gray_background.png,images/Variation06_20110131/motoryacht_rx-49.308_ry+134.810_rz-27.166_tx+00.106_ty-00.684_s+01.776_638b2d56f24048db9826a353eaab2e9c8947977c_256x256.png,images/gray_background.png,images/Variation03_20110128/bmw325_rx+41.770_ry-15.847_rz+32.413_tx-00.208_ty+00.580_s+01.120_d99f674edc1bdd4f917e7b1a15e1626a37820a9f_256x256.png,images/Variation03_20110128/_010_rx-26.043_ry+28.141_rz-09.256_tx-00.242_ty+00.227_s+00.618_cac49056c511781d08ee84eba0e3f5532b4702af_256x256.png,b,b,b,x,none
4,images/Variation06_20110131/alfa155_rx+68.441_ry-77.508_rz+38.909_tx+00.057_ty+00.395_s+01.598_318b62afad1f8111cc860c933f7633f124fe76f8_256x256.png,images/gray_background.png,images/Variation06_20110131/Apricot_obj_rx-150.240_ry+74.246_rz+32.763_tx+00.056_ty-00.650_s+00.948_8594bfe5098a1791ef08ceede3e4d142355c6cbb_256x256.png,images/gray_background.png,images/Variation03_20110128/sopwith_rx+08.233_ry+21.122_rz+41.535_tx+00.093_ty+00.197_s+01.057_f08e8d56c2a289a3bc33c7ee90b4e7adbc90bf2f_256x256.png,images/Variation03_20110128/Apricot_obj_rx-89.469_ry+07.441_rz-44.799_tx-00.009_ty-00.417_s+00.684_6a359c5399c03f6eece2d9af62ddeab850f4d770_256x256.png,b,b,b,x,x
4,images/Variation06_20110131/Peach_obj_rx-55.637_ry+53.818_rz+33.393_tx-00.104_ty-00.601_s+00.610_a231a705202d5acf5a80e9203b2376345859ee80_256x256.png,images/Variation06_20110131/CGTG_L_rx+28.542_ry-19.817_rz+37.915_tx+00.433_ty+00.675_s+01.434_d735379622220b2b4a9805eed3b8644c126fb064_256x256.png,images/Variation06_20110131/celica_rx-47.739_ry-41.327_rz+18.990_tx+00.302_ty+00.708_s+00.931_3c5e03605ca43209c5e3468b1a588b43ac064978_256x256.png,images/gray_background.png,images/gray_background.png,images/Variation03_20110128/_11_rx-40.411_ry+40.973_rz+41.998_tx-00.161_ty+00.165_s+00.685_8e345536f041d423d6a18794da63b17051200541_256x256.png,b,none,b,b,none
4,images/Variation00_20110203/_033_rx+00.000_ry+00.000_rz+00.000_tx+00.000_ty+00.000_s+00.700_0c8291cec8e24b72b2a80f1bbb9e81cd2f5eddd7_256x256.png,images/gray_background.png,images/Variation00_20110203/_44_rx+00.000_ry+00.000_rz+00.000_tx+00.000_ty+00.000_s+00.700_054b3013ac8319e1dc7a867278553f71b0b675ce_256x256.png,images/gray_background.png,images/Variation06_20110131/_031_rx+40.141_ry-76.791_rz+54.422_tx-00.070_ty-00.025_s+01.012_6d4edcf292c1a9122661f1979806bff6e61ea996_256x256.png,images/Variation03_20110128/BAHRAIN_rx-19.144_ry-43.369_rz-41.465_tx+00.005_ty-00.067_s+01.524_871a59b6008f25264ba06c36b82abfaea34a6d49_256x256.png,b,b,b,x,none
4,images/Variation03_20110128/support_rx+24.538_ry+75.242_rz-08.121_tx+00.258_ty-00.172_s+01.490_9e7ead1073a1b385f64a5fa7fd5fda8e3c4ffb48_256x256.png,images/gray_background.png,images/Variation06_20110131/celica_rx-25.500_ry+27.715_rz-15.546_tx-00.092_ty+00.838_s+01.249_c6cc950265cd77a58a337f5931bd66d67e50f865_256x256.png,images/Variation06_20110131/_011_rx-37.432_ry+77.337_rz-42.844_tx+00.437_ty+00.186_s+00.625_57d76749e0080bcfb2cd3e4f6a34efe0f1e12434_256x256.png,images/gray_background.png,images/Variation06_20110131/face0004_rx-54.814_ry-78.462_rz+19.545_tx-00.378_ty+00.812_s+00.861_8df6351333a70d9035825e295e6e018b045a70c4_256x256.png,b,b,x,b,none
4,images/Variation03_20110128/support_rx+44.702_ry+91.807_rz-13.337_tx+00.237_ty+00.384_s+01.480_7db3ff3694b68374d2a9a8ad21a2d169698fb376_256x256.png,images/gray_background.png,images/Variation06_20110131/_38_rx-83.983_ry+36.303_rz-51.851_tx+00.140_ty-00.669_s+01.014_274453fef9d5e2a18da6a907efb0a472ca1eaccf_256x256.png,images/Variation06_20110131/face0003_rx-56.162_ry+65.725_rz+89.655_tx+00.429_ty+00.301_s+00.959_3fa42a6e5c671af64a9dfb59c3aeb803bfe7a2bb_256x256.png,images/gray_background.png,images/Variation06_20110131/face0002_rx+05.357_ry+01.857_rz-31.066_tx+00.023_ty+00.216_s+00.820_a4ad5663ed4ade846c3b14b15a1d53c4e74b1614_256x256.png,b,b,x,b,none
4,images/Variation03_20110128/LIONESS_rx+14.230_ry-17.948_rz-09.033_tx-00.043_ty-00.559_s+01.026_fce197ea55a1765cb55d7d3f6b6e03345562751f_256x256.png,images/gray_background.png,images/Variation00_20110203/Strawberry_obj_rx-90.000_ry+00.000_rz+00.000_tx+00.000_ty+00.000_s+00.700_03f46b6acdb2fc42f934c5ef67792026de49d530_256x256.png,images/Variation03_20110128/bmw325_rx-38.789_ry+19.439_rz+35.676_tx-00.217_ty-00.293_s+01.261_cdbf1c42cccadc18022b3a6556458102d727e079_256x256.png,images/gray_background.png,images/Variation03_20110128/face0003_rx-33.630_ry+29.512_rz+16.720_tx-00.144_ty-00.337_s+00.834_aca251f226de6e0b573046cea5433ea6424fdae8_256x256.png,b,b,none,b,none
4,images/Variation03_20110128/_18_rx-07.315_ry-44.262_rz-18.538_tx-00.279_ty+00.023_s+00.896_d48e0063d18ee78dff33e967fbfe2f52179eb028_256x256.png,images/Variation03_20110128/mig29_rx-10.849_ry+08.980_rz-27.870_tx-00.288_ty-00.470_s+01.020_70b490f7cd76c487eb89e73e5e1b1a765d083e66_256x256.png,images/gray_background.png,images/gray_background.png,images/Variation03_20110128/hedgehog_rx+10.425_ry+62.511_rz-30.845_tx-00.258_ty+00.001_s+00.677_712868893a0119f79684839d5d186f916a6d224b_256x256.png,images/Variation06_20110131/mig29_rx+14.158_ry+21.693_rz-63.943_tx-00.390_ty-00.101_s+00.836_a8242b56aef5d1f8d30f3cf44ea37f499f631ab1_256x256.png,b,b,b,x,x
4,images/Variation06_20110131/LIONESS_rx+51.187_ry-42.577_rz-65.491_tx-00.201_ty-00.436_s+00.633_3f78ffad00ed33a0cbe8e504f34359f4e9b8755a_256x256.png,images/gray_background.png,images/Variation06_20110131/cruiser_rx+28.383_ry+171.877_rz+78.714_tx+00.097_ty-00.480_s+01.025_57284c07c28e8b122251477d4cd7b3ae46a05543_256x256.png,images/Variation06_20110131/TURTLE_L_rx+20.515_ry+12.490_rz-43.709_tx-00.556_ty+00.233_s+01.085_baf2b41e46788afd5de84d7b92b08a080ee4e3ff_256x256.png,images/gray_background.png,images/Variation06_20110131/cruiser_rx+11.022_ry+12.589_rz-08.181_tx+00.381_ty+00.875_s+00.764_c30f1394195e88021a665fc371fdee4f44822d08_256x256.png,b,b,none,b,x
5,images/Variation03_20110128/_004_rx-38.458_ry+32.420_rz-38.527_tx+00.215_ty+00.060_s+00.661_c20bfce0dadd4a79a499529a481827339257f231_256x256.png,images/Variation06_20110131/_014_rx+12.357_ry+86.512_rz+58.212_tx+00.448_ty+00.318_s+00.638_57090e5c70627cf1e59291c21cf4ed9997f55cbc_256x256.png,images/gray_background.png,images/Variation06_20110131/hedgehog_rx+86.349_ry+151.817_rz+28.913_tx+00.016_ty+00.732_s+01.208_a9e245e371f45b3919860c8a17f533876821ad1f_256x256.png,images/gray_background.png,images/Variation06_20110131/_014_rx+16.090_ry-46.840_rz+24.070_tx-00.160_ty-00.693_s+00.527_828850cf3e0695ec1d4d32219904cf5e199210e2_256x256.png,b,b,none,b,x
5,images/Variation00_20110203/ELEPHANT_M_rx+00.000_ry+00.000_rz+00.000_tx+00.000_ty+00.000_s+00.800_07e3b36fb57f251b3e70f1d8774dc65842f4ec40_256x256.png,images/Variation06_20110131/Strawberry_obj_rx-77.930_ry-85.121_rz-38.635_tx-00.522_ty-01.054_s+00.913_724e5703cc42aa2c3ff135e3508038a90e4ebcb3_256x256.png,images/gray_background.png,images/gray_background.png,images/Variation03_20110128/face0005_rx-20.810_ry+24.374_rz+06.314_tx+00.292_ty-00.051_s+00.958_76469dbc76ca40bcebb5055a6f4a9f2920388ca7_256x256.png,images/Variation06_20110131/DTUG_L_rx-04.127_ry-49.259_rz+00.285_tx-00.161_ty+00.909_s+01.739_0eed3012be7378f0cdf8f88a7891f0969182d4a3_256x256.png,b,b,b,none,none
5,images/Variation03_20110128/hedgehog_rx+26.415_ry+51.947_rz-06.495_tx+00.022_ty-00.172_s+00.929_8c507e2e93d79888f54192f9a302aa4a383bbab2_256x256.png,images/Variation03_20110128/f16_rx+18.243_ry+24.726_rz-02.215_tx-00.278_ty+00.558_s+01.463_40ac1431f1a3264b41c1eac38af2770d4247b6c3_256x256.png,images/gray_background.png,images/gray_background.png,images/Variation03_20110128/watermelon_obj_rx-116.458_ry-39.991_rz+05.443_tx-00.090_ty-00.204_s+00.743_e54cbbb239639a91387ab2a23f96ac24304ce4b0_256x256.png,images/Variation06_20110131/f16_rx+10.034_ry+89.804_rz+06.808_tx-00.351_ty+00.248_s+01.508_4e8a19cf1a37e17ababec672969cd1182a5afd1a_256x256.png,b,b,b,x,x
5,images/Variation03_20110128/_11_rx+22.813_ry-06.024_rz-22.196_tx-00.229_ty+00.553_s+00.629_e2f53ee371c42f72b30690ceb49fc34dabfd7b93_256x256.png,images/Variation06_20110131/Apple_Fruit_obj_rx-14.513_ry+66.938_rz+63.507_tx+00.409_ty+00.354_s+00.906_82a76f0eb63ce30d9e7704232081333b7b03eab4_256x256.png,images/gray_background.png,images/gray_background.png,images/Variation06_20110131/celica_rx-47.739_ry-41.327_rz+18.990_tx+00.302_ty+00.708_s+00.931_3c5e03605ca43209c5e3468b1a588b43ac064978_256x256.png,images/Variation03_20110128/sopwith_rx+31.556_ry-30.362_rz+23.962_tx-00.059_ty+00.468_s+01.607_d6399fdb5cfe58a1c1908762cfe82406e2510231_256x256.png,b,b,b,none,none
5,images/Variation03_20110128/_011_rx+00.339_ry-15.883_rz-14.345_tx+00.194_ty+00.341_s+00.652_9a3cfaeb73e9a445c62c8861079336143eac49b6_256x256.png,images/gray_background.png,images/Variation06_20110131/junkers88_rx-69.659_ry+77.839_rz-81.205_tx+00.347_ty+00.669_s+00.921_980deed5f85673eb0766be064d23cd14eb6abe07_256x256.png,images/gray_background.png,images/Variation06_20110131/astra_rx+08.368_ry-00.168_rz+65.737_tx+00.031_ty+00.354_s+01.561_e1613c7901838b6547d20e9023adcde3d67c3b21_256x256.png,images/Variation00_20110203/junkers88_rx+00.000_ry+00.000_rz+00.000_tx+00.000_ty+00.000_s+01.300_01c67050e492c4f4dcd06ba558d942c6909f51cd_256x256.png,b,b,b,x,x
5,images/Variation06_20110131/_38_rx-87.466_ry-82.313_rz-81.351_tx+00.293_ty+00.299_s+00.551_e6227fd849db5f7b5fe0e4e475e56a0c7834c7b3_256x256.png,images/gray_background.png,images/Variation00_20110203/_18_rx+00.000_ry+00.000_rz+00.000_tx+00.000_ty+00.000_s+00.700_143d6b27b4bc2c4ca83adcb732804b927f3122a6_256x256.png,images/gray_background.png,images/Variation03_20110128/alfa155_rx+10.804_ry+16.454_rz+33.561_tx+00.256_ty+00.316_s+01.283_b275799f2145ac011383911cb2b8dd885461e53d_256x256.png,images/Variation03_20110128/_18_rx+40.963_ry+13.522_rz+24.551_tx-00.217_ty-00.269_s+00.816_0738f1cb21e56342f26b8f19ac753591056d304a_256x256.png,b,b,b,x,x
5,images/Variation03_20110128/sopwith_rx-42.056_ry+26.141_rz-40.370_tx-00.078_ty-00.057_s+01.276_ea9df6de7990a706fc3ea795ce28404d79289546_256x256.png,images/Variation06_20110131/f16_rx-46.534_ry+64.247_rz+28.383_tx-00.288_ty+01.013_s+01.075_fd4c3ce4003336817a163cd7c6f6d4ce10a82c76_256x256.png,images/gray_background.png,images/Variation03_20110128/Apricot_obj_rx-48.446_ry-01.074_rz+40.180_tx-00.195_ty-00.097_s+00.586_da095793d585b1509075c565de2649641f5c6916_256x256.png,images/gray_background.png,images/Variation06_20110131/f16_rx+40.381_ry+81.101_rz+87.861_tx+00.577_ty+01.099_s+01.202_12e561afcdf3da806379b55913fd48f9c66faf39_256x256.png,b,b,x,b,x
5,images/Variation06_20110131/MQUEEN_L_rx-81.376_ry+10.159_rz+88.202_tx+00.140_ty-00.294_s+01.063_52ea87938bc2253e57f9cbc1998bbdd045e15693_256x256.png,images/Variation03_20110128/watermelon_obj_rx-122.354_ry+06.040_rz+32.179_tx+00.079_ty-00.154_s+00.853_7c914a1245f2fd3970f33ecc5e63630ce75c1018_256x256.png,images/Variation03_20110128/rdbarren_rx-42.448_ry-01.999_rz-42.892_tx+00.132_ty+00.328_s+01.233_fdd22d651dca790319abf8f62da58f7df5880aa4_256x256.png,images/gray_background.png,images/gray_background.png,images/Variation06_20110131/Peach_obj_rx-22.465_ry+84.965_rz+23.165_tx-00.507_ty+00.826_s+00.926_188c4d850626e48fa74e3848cff2469eb6fa04de_256x256.png,b,x,b,b,none
5,images/Variation06_20110131/MQUEEN_L_rx-65.225_ry+23.726_rz-68.524_tx-00.019_ty+00.815_s+01.747_f7f2e9e9755c2f77eea2226136f79c09d98c4ebc_256x256.png,images/gray_background.png,images/gray_background.png,images/Variation03_20110128/sopwith_rx-20.202_ry+20.427_rz-23.237_tx+00.144_ty-00.393_s+01.218_e74d0b42f12cb39df4234023b3705ab9ed1d8b89_256x256.png,images/Variation03_20110128/astra_rx+32.534_ry-00.689_rz+22.464_tx+00.265_ty+00.180_s+01.188_bb495b0e9469f0176e0c3b8a99cb278a68a89f01_256x256.png,images/Variation06_20110131/sopwith_rx-22.989_ry-34.871_rz+54.109_tx-00.278_ty+00.166_s+01.903_1c3e3b3932d40107ae365097b7360d6cd1cf0086_256x256.png,b,b,b,none,x
5,images/Variation06_20110131/face0008_rx-13.707_ry+77.313_rz+56.984_tx+00.523_ty+00.499_s+01.061_5a4f0836126bc9883955f54d4d4539be57d5178c_256x256.png,images/gray_background.png,images/Variation06_20110131/LIONESS_rx+42.959_ry-49.659_rz-76.879_tx+00.049_ty-01.138_s+00.529_638b8a400cfbbc7e85fdbe00d9f23bf96a1f507b_256x256.png,images/Variation03_20110128/SISTER_L_rx-01.018_ry-03.278_rz-01.872_tx+00.287_ty-00.106_s+00.984_1279014ce3fe19b50fc8dcb72f9736382ac7a892_256x256.png,images/gray_background.png,images/Variation03_20110128/LIONESS_rx+10.903_ry+35.963_rz-36.582_tx-00.297_ty-00.423_s+00.806_3c0d7a2d5e94c46815fcd742b4bb98260240fd82_256x256.png,b,b,none,b,x
5,images/Variation03_20110128/raspberry_obj_rx-112.493_ry+34.090_rz-42.058_tx+00.138_ty-00.357_s+00.801_895709ffb423f2bffa3715cdfe8300d5526e604e_256x256.png,images/Variation00_20110203/TURTLE_L_rx+00.000_ry+00.000_rz+00.000_tx+00.000_ty+00.000_s+00.800_28d9efc21ad8704088f8bfb06995c6ac08d3286e_256x256.png,images/gray_background.png,images/gray_background.png,images/Variation06_20110131/TURTLE_L_rx-10.158_ry+87.337_rz-82.823_tx+00.097_ty+00.235_s+00.872_46d461c6b2337f26771c8f4501334ae97100714d_256x256.png,images/Variation03_20110128/mig29_rx-20.548_ry-24.246_rz-15.006_tx+00.184_ty+00.451_s+01.474_27f4c815ac306641a02560077ccd29d540dbf256_256x256.png,b,b,b,x,none
5,images/Variation06_20110131/_10_rx+78.114_ry-56.609_rz+76.935_tx-00.538_ty+00.272_s+00.789_00df4cb3962bd556a283c9ca376d098e9368dfb5_256x256.png,images/gray_background.png,images/Variation06_20110131/Apricot_obj_rx-08.779_ry-55.082_rz-63.049_tx-00.395_ty-00.805_s+00.488_3c52724dc2fd84ae4671dbe9c698f5f87a5b75d2_256x256.png,images/Variation06_20110131/face0002_rx-89.116_ry+23.430_rz-63.184_tx-00.192_ty+01.185_s+00.513_34a1c110055bdf551321f2795110ebf1aba04e4f_256x256.png,images/gray_background.png,images/Variation03_20110128/_01_Airliner_2jetEngines_rx+20.760_ry+121.600_rz+105.225_tx-00.080_ty+00.026_s+01.086_4768be9d0383b8ff296eaee778c928b1460ec5d6_256x256.png,b,b,none,b,none
5,images/Variation03_20110128/bora_a_rx-32.474_ry+17.537_rz-37.727_tx-00.059_ty+00.295_s+00.896_b93151e988b2c1284684b1d99332c7bb0d8d0c0f_256x256.png,images/gray_background.png,images/gray_background.png,images/Variation03_20110128/Strawberry_obj_rx-74.574_ry-35.026_rz-03.249_tx+00.112_ty+00.054_s+00.565_5eb65d3b8412c31539ddae070b67f18fd539f2b2_256x256.png,images/Variation06_20110131/face0001_rx-31.008_ry-50.540_rz-18.871_tx-00.068_ty-00.265_s+01.176_fe00745a9d16c0f659fe2ffa1bcac4910fb77a0a_256x256.png,images/Variation03_20110128/DTUG_L_rx-18.282_ry+07.522_rz-30.866_tx+00.030_ty-00.056_s+01.391_04d5eba225ec9ba7c6ea7aaf2fdd94cd93102496_256x256.png,b,b,b,x,none
5,images/Variation00_20110203/bmw325_rx+00.000_ry+00.000_rz+00.000_tx+00.000_ty+00.000_s+01.000_485cf5cdd83cc299e227744abac75f74156dc7ea_256x256.png,images/Variation03_20110128/DTUG_L_rx-18.282_ry+07.522_rz-30.866_tx+00.030_ty-00.056_s+01.391_04d5eba225ec9ba7c6ea7aaf2fdd94cd93102496_256x256.png,images/Variation03_20110128/Peach_obj_rx-124.697_ry-36.803_rz+20.712_tx-00.172_ty+00.279_s+00.906_5bcd33f98bb9094101710f12a4d9755e73a19b83_256x256.png,images/gray_background.png,images/gray_background.png,images/Variation03_20110128/face0007_rx-17.712_ry+15.178_rz-29.343_tx-00.225_ty-00.390_s+00.916_eba68f8ecc486989ae4f02679ea786edccc8391a_256x256.png,b,x,b,b,none
5,images/Variation06_20110131/face0006_rx-15.634_ry-56.676_rz+64.828_tx+00.130_ty-00.795_s+00.984_0f2206747f08ef023a8a780155cdcc7680404e47_256x256.png,images/Variation06_20110131/_010_rx-64.344_ry-00.493_rz+32.388_tx+00.463_ty+00.576_s+00.746_52314c5abb6879f841345919f47d38f2b0eeea16_256x256.png,images/gray_background.png,images/Variation06_20110131/Pear_obj_rx-41.132_ry-39.379_rz+44.411_tx-00.024_ty-00.458_s+00.934_445207e8487057eab9b76ed9f23b877d41a03343_256x256.png,images/gray_background.png,images/Variation06_20110131/_010_rx-78.988_ry+49.052_rz+60.080_tx+00.513_ty-00.773_s+00.571_1d7988aa4ff591d8792740008856cd12c371aa64_256x256.png,b,b,x,b,x
5,images/Variation00_20110203/Beetle_rx+00.000_ry+00.000_rz+00.000_tx+00.000_ty+00.000_s+01.000_0a94e5e3111d74320cd08361e2c9d8c87aaac12f_256x256.png,images/gray_background.png,images/Variation06_20110131/DTUG_L_rx+27.349_ry+71.182_rz-58.861_tx-00.158_ty-00.852_s+01.773_987d03ad579a8d41a74b0a7e0bdaf1f8ce77b9d6_256x256.png,images/Variation03_20110128/_001_rx+41.365_ry+32.391_rz+33.668_tx-00.106_ty-00.108_s+00.827_4445ebd92fd78a798f3bc97ea4492acee7328536_256x256.png,images/gray_background.png,images/Variation00_20110203/sopwith_rx+00.000_ry+00.000_rz+00.000_tx+00.000_ty+00.000_s+01.300_10cfca5ea068f08b4e70b811446d11a6b7a94150_256x256.png,b,b,x,b,none
5,images/Variation00_20110203/_008_rx+00.000_ry+00.000_rz+00.000_tx+00.000_ty+00.000_s+00.700_0a602ec80fabb4c8ddb82c2898259d6e86f21075_256x256.png,images/Variation03_20110128/watermelon_obj_rx-122.354_ry+06.040_rz+32.179_tx+00.079_ty-00.154_s+00.853_7c914a1245f2fd3970f33ecc5e63630ce75c1018_256x256.png,images/gray_background.png,images/gray_background.png,images/Variation03_20110128/_37_rx+35.939_ry+29.226_rz-41.057_tx+00.098_ty+00.062_s+00.756_66a7175f5e1a709a832bbd8347e7a45949cc4441_256x256.png,images/Variation06_20110131/watermelon_obj_rx-70.434_ry+59.547_rz+47.417_tx-00.356_ty-01.144_s+00.565_99d1e850e215676eff1d7db3ba4e156370a81663_256x256.png,b,b,b,x,x
5,images/Variation03_20110128/BAHRAIN_rx-19.114_ry-40.672_rz+18.483_tx+00.084_ty-00.478_s+01.354_1dcc93eaa9cfafa81d370cb23c1037415d8ac845_256x256.png,images/Variation00_20110203/GORILLA_rx+00.000_ry+00.000_rz+00.000_tx+00.000_ty+00.000_s+00.800_0a236f86457c43fa178a0d1f15f7f43a08f5266e_256x256.png,images/gray_background.png,images/gray_background.png,images/Variation06_20110131/Pear_obj_rx-113.375_ry+63.919_rz-55.097_tx-00.208_ty+01.039_s+00.626_5eb65d3b8412c31539ddae070b67f18fd539f2b2_256x256.png,images/Variation03_20110128/face0001_rx+37.748_ry-15.791_rz-11.922_tx+00.101_ty+00.509_s+00.625_ce2b9f6434377ab3a986c8ee3ffe5ca32d12a312_256x256.png,b,b,b,none,none
5,images/Variation03_20110128/z3_rx-12.138_ry+27.821_rz+00.325_tx+00.297_ty-00.402_s+01.077_a4f124e518446bf18abd0cb91dd0d621f525efb3_256x256.png,images/Variation00_20110203/watermelon_obj_rx-90.000_ry+00.000_rz+00.000_tx+00.000_ty+00.000_s+00.700_2264a1b8516f0855cd82a3968db4bf1d832f3709_256x256.png,images/Variation06_20110131/Apricot_obj_rx-13.985_ry-02.533_rz-43.280_tx+00.287_ty-00.067_s+01.079_7c914a1245f2fd3970f33ecc5e63630ce75c1018_256x256.png,images/gray_background.png,images/gray_background.png,images/Variation06_20110131/_10_rx-43.654_ry+29.865_rz+07.301_tx-00.261_ty-00.242_s+00.720_57e1f4f3514b3909fa567fb38e78b4ca1cb3ea74_256x256.png,b,none,b,b,none
5,images/Variation03_20110128/face0002_rx-42.558_ry-31.846_rz-28.076_tx-00.023_ty+00.189_s+00.712_fd9e6d6c2ca231f08e5a4fedaab30157ca72af13_256x256.png,images/Variation03_20110128/support_rx-08.252_ry+117.987_rz+35.620_tx+00.167_ty-00.395_s+01.424_56d2fa0c3dd23540d42b16f2f8a9b5da3c66b4bb_256x256.png,images/Variation00_20110203/_01_Airliner_2jetEngines_rx+00.000_ry+90.000_rz+90.000_tx+00.000_ty+00.000_s+01.300_298b3d0bf94974e40d331cdf117aed453e6fb24d_256x256.png,images/gray_background.png,images/gray_background.png,images/Variation06_20110131/support_rx+38.035_ry+34.102_rz+07.287_tx+00.537_ty+00.422_s+00.940_e11714c058fb7c07f4fd8c1831685760388ca44b_256x256.png,b,x,b,b,x
